UT,PY,SO,SN,DI,VL,IS
WOS:000988607500001,2023.0,QUARTERLY JOURNAL OF ECONOMICS,0033-5533,10.1093/qje/qjad015,138,3
WOS:000868979600001,2022.0,QUARTERLY JOURNAL OF ECONOMICS,0033-5533,10.1093/qje/qjac033,138,1
WOS:000813226900001,2022.0,QUARTERLY JOURNAL OF ECONOMICS,0033-5533,10.1093/qje/qjac019,137,4
WOS:000784752700001,2022.0,QUARTERLY JOURNAL OF ECONOMICS,0033-5533,10.1093/qje/qjac012,137,3
WOS:000642334600003,2021.0,QUARTERLY JOURNAL OF ECONOMICS,0033-5533,10.1093/qje/qjaa036,136,2
WOS:000612198000011,2021.0,QUARTERLY JOURNAL OF ECONOMICS,0033-5533,10.1093/qje/qjaa025,136,1
WOS:000489163400003,2019.0,QUARTERLY JOURNAL OF ECONOMICS,0033-5533,10.1093/qje/qjz015,134,4
WOS:000489161300005,2019.0,QUARTERLY JOURNAL OF ECONOMICS,0033-5533,10.1093/qje/qjy018,134,1
WOS:000435871300001,2018.0,QUARTERLY JOURNAL OF ECONOMICS,0033-5533,10.1093/qje/qjx043,133,2
WOS:000423802600008,2018.0,QUARTERLY JOURNAL OF ECONOMICS,0033-5533,10.1093/qje/qjx029,133,1
WOS:000412764300005,2017.0,QUARTERLY JOURNAL OF ECONOMICS,0033-5533,10.1093/qje/qjx017,132,4
WOS:000406177000010,2017.0,QUARTERLY JOURNAL OF ECONOMICS,0033-5533,10.1093/qje/qjx012,132,3
WOS:000383326100010,2016.0,QUARTERLY JOURNAL OF ECONOMICS,0033-5533,10.1093/qje/qjw018,131,3
WOS:000383326100004,2016.0,QUARTERLY JOURNAL OF ECONOMICS,0033-5533,10.1093/qje/qjw011,131,3
WOS:000359638900007,2015.0,QUARTERLY JOURNAL OF ECONOMICS,0033-5533,10.1093/qje/qjv021,130,3
WOS:000359638900008,2015.0,QUARTERLY JOURNAL OF ECONOMICS,0033-5533,10.1093/qje/qjv016,130,3
WOS:000354733000001,2015.0,QUARTERLY JOURNAL OF ECONOMICS,0033-5533,10.1093/qje/qjv006,130,2
WOS:000346660500004,2014.0,QUARTERLY JOURNAL OF ECONOMICS,0033-5533,10.1093/qje/qju019,129,4
WOS:000999692200001,2023.0,QUARTERLY JOURNAL OF ECONOMICS,0033-5533,10.1093/qje/qjad012,138,3
WOS:000986383900001,2023.0,QUARTERLY JOURNAL OF ECONOMICS,0033-5533,10.1093/qje/qjad011,138,3
WOS:000743312400004,2022.0,QUARTERLY JOURNAL OF ECONOMICS,0033-5533,10.1093/qje/qjab031,137,1
WOS:000728439200002,2021.0,QUARTERLY JOURNAL OF ECONOMICS,0033-5533,10.1093/qje/qjab021,136,4
WOS:000612198000006,2021.0,QUARTERLY JOURNAL OF ECONOMICS,0033-5533,10.1093/qje/qjaa023,136,1
WOS:000612198000008,2021.0,QUARTERLY JOURNAL OF ECONOMICS,0033-5533,10.1093/qje/qjaa032,136,1
WOS:000612198000005,2021.0,QUARTERLY JOURNAL OF ECONOMICS,0033-5533,10.1093/qje/qjaa030,136,1
WOS:000507362800004,2020.0,QUARTERLY JOURNAL OF ECONOMICS,0033-5533,10.1093/qje/qjz029,135,1
WOS:000489163400007,2019.0,QUARTERLY JOURNAL OF ECONOMICS,0033-5533,10.1093/qje/qjz019,134,4
WOS:000451281400006,2018.0,QUARTERLY JOURNAL OF ECONOMICS,0033-5533,10.1093/qje/qjy017,133,4
WOS:000423802600006,2018.0,QUARTERLY JOURNAL OF ECONOMICS,0033-5533,10.1093/qje/qjx031,133,1
WOS:000359638900002,2015.0,QUARTERLY JOURNAL OF ECONOMICS,0033-5533,10.1093/qje/qjv020,130,3
WOS:000359638900006,2015.0,QUARTERLY JOURNAL OF ECONOMICS,0033-5533,10.1093/qje/qjv018,130,3
WOS:000354733000006,2015.0,QUARTERLY JOURNAL OF ECONOMICS,0033-5533,10.1093/qje/qjv003,130,2
WOS:000346660500006,2014.0,QUARTERLY JOURNAL OF ECONOMICS,0033-5533,10.1093/qje/qju026,129,4
WOS:000346660500008,2014.0,QUARTERLY JOURNAL OF ECONOMICS,0033-5533,10.1093/qje/qju028,129,4
WOS:000330451700007,2014.0,QUARTERLY JOURNAL OF ECONOMICS,0033-5533,10.1093/qje/qjt034,129,1
WOS:000642334600011,2021.0,QUARTERLY JOURNAL OF ECONOMICS,0033-5533,10.1093/qje/qjaa046,136,2
WOS:000544015700001,2020.0,QUARTERLY JOURNAL OF ECONOMICS,0033-5533,10.1093/qje/qjz041,135,2
WOS:000451281400010,2018.0,QUARTERLY JOURNAL OF ECONOMICS,0033-5533,10.1093/qje/qjy009,133,4
WOS:000412764300002,2017.0,QUARTERLY JOURNAL OF ECONOMICS,0033-5533,10.1093/qje/qjx022,132,4
WOS:000412764300006,2017.0,QUARTERLY JOURNAL OF ECONOMICS,0033-5533,10.1093/qje/qjx019,132,4
WOS:000412764300010,2017.0,QUARTERLY JOURNAL OF ECONOMICS,0033-5533,10.1093/qje/qjx020,132,4
WOS:000401981500008,2017.0,QUARTERLY JOURNAL OF ECONOMICS,0033-5533,10.1093/qje/qjw043,132,2
WOS:000388576700008,2016.0,QUARTERLY JOURNAL OF ECONOMICS,0033-5533,10.1093/qje/qjw020,131,4
WOS:000365535400005,2015.0,QUARTERLY JOURNAL OF ECONOMICS,0033-5533,10.1093/qje/qjv028,130,4
WOS:000359638900001,2015.0,QUARTERLY JOURNAL OF ECONOMICS,0033-5533,10.1093/qje/qjv013,130,3
WOS:000342236000007,2014.0,QUARTERLY JOURNAL OF ECONOMICS,0033-5533,10.1093/qje/qju011,129,3
WOS:000330451700009,2014.0,QUARTERLY JOURNAL OF ECONOMICS,0033-5533,10.1093/qje/qjt028,129,1
WOS:000330451700003,2014.0,QUARTERLY JOURNAL OF ECONOMICS,0033-5533,10.1093/qje/qjt035,129,1
WOS:000763961400001,2022.0,QUARTERLY JOURNAL OF ECONOMICS,0033-5533,10.1093/qje/qjab043,137,2
WOS:000728439200011,2021.0,QUARTERLY JOURNAL OF ECONOMICS,0033-5533,10.1093/qje/qjaa040,136,4
WOS:000489163400005,2019.0,QUARTERLY JOURNAL OF ECONOMICS,0033-5533,10.1093/qje/qjz024,134,4
WOS:000451281400004,2018.0,QUARTERLY JOURNAL OF ECONOMICS,0033-5533,10.1093/qje/qjy008,133,4
WOS:000406177000007,2017.0,QUARTERLY JOURNAL OF ECONOMICS,0033-5533,10.1093/qje/qjx014,132,3
WOS:000354733000002,2015.0,QUARTERLY JOURNAL OF ECONOMICS,0033-5533,10.1093/qje/qjv001,130,2
WOS:000351525000009,2015.0,QUARTERLY JOURNAL OF ECONOMICS,0033-5533,10.1093/qje/qju034,130,1
WOS:000336146600009,2014.0,QUARTERLY JOURNAL OF ECONOMICS,0033-5533,10.1093/qje/qjt056,129,2
WOS:000935190200001,2023.0,QUARTERLY JOURNAL OF ECONOMICS,0033-5533,10.1093/qje/qjac047,138,2
WOS:000728439200001,2021.0,QUARTERLY JOURNAL OF ECONOMICS,0033-5533,10.1093/qje/qjab003,136,4
WOS:000672777600009,2021.0,QUARTERLY JOURNAL OF ECONOMICS,0033-5533,10.1093/qje/qjab004,136,3
WOS:000507362800002,2020.0,QUARTERLY JOURNAL OF ECONOMICS,0033-5533,10.1093/qje/qjz027,135,1
WOS:000507362800010,2020.0,QUARTERLY JOURNAL OF ECONOMICS,0033-5533,10.1093/qje/qjz031,135,1
WOS:000489161300001,2019.0,QUARTERLY JOURNAL OF ECONOMICS,0033-5533,10.1093/qje/qjy025,134,1
WOS:000451281400005,2018.0,QUARTERLY JOURNAL OF ECONOMICS,0033-5533,10.1093/qje/qjy012,133,4
WOS:000406177000003,2017.0,QUARTERLY JOURNAL OF ECONOMICS,0033-5533,10.1093/qje/qjx008,132,3
WOS:000383326100002,2016.0,QUARTERLY JOURNAL OF ECONOMICS,0033-5533,10.1093/qje/qjw013,131,3
WOS:000365535400001,2015.0,QUARTERLY JOURNAL OF ECONOMICS,0033-5533,10.1093/qje/qjv027,130,4
WOS:000359638900010,2015.0,QUARTERLY JOURNAL OF ECONOMICS,0033-5533,10.1093/qje/qjv019,130,3
WOS:000354733000007,2015.0,QUARTERLY JOURNAL OF ECONOMICS,0033-5533,10.1093/qje/qjv010,130,2
WOS:000346660500007,2014.0,QUARTERLY JOURNAL OF ECONOMICS,0033-5533,10.1093/qje/qju021,129,4
WOS:000342236000010,2014.0,QUARTERLY JOURNAL OF ECONOMICS,0033-5533,10.1093/qje/qju010,129,3
WOS:000330451700005,2014.0,QUARTERLY JOURNAL OF ECONOMICS,0033-5533,10.1093/qje/qjt027,129,1
WOS:001011152200001,2023.0,QUARTERLY JOURNAL OF ECONOMICS,0033-5533,10.1093/qje/qjad019,138,4
WOS:000847148900001,2022.0,QUARTERLY JOURNAL OF ECONOMICS,0033-5533,10.1093/qje/qjac029,138,1
WOS:000836097700001,2022.0,QUARTERLY JOURNAL OF ECONOMICS,0033-5533,10.1093/qje/qjac024,137,4
WOS:000815161100001,2022.0,QUARTERLY JOURNAL OF ECONOMICS,0033-5533,10.1093/qje/qjac020,137,4
WOS:000770412500001,2022.0,QUARTERLY JOURNAL OF ECONOMICS,0033-5533,10.1093/qje/qjac004,137,3
WOS:000764048500001,2022.0,QUARTERLY JOURNAL OF ECONOMICS,0033-5533,10.1093/qje/qjab039,137,2
WOS:000777482200001,2022.0,QUARTERLY JOURNAL OF ECONOMICS,0033-5533,10.1093/qje/qjab050,137,2
WOS:000489162100009,2019.0,QUARTERLY JOURNAL OF ECONOMICS,0033-5533,10.1093/qje/qjz002,134,2
WOS:000451281400001,2018.0,QUARTERLY JOURNAL OF ECONOMICS,0033-5533,10.1093/qje/qjy013,133,4
WOS:000383326100007,2016.0,QUARTERLY JOURNAL OF ECONOMICS,0033-5533,10.1093/qje/qjw016,131,3
WOS:000371602500008,2016.0,QUARTERLY JOURNAL OF ECONOMICS,0033-5533,10.1093/qje/qjv035,131,1
WOS:000365535400003,2015.0,QUARTERLY JOURNAL OF ECONOMICS,0033-5533,10.1093/qje/qjv024,130,4
WOS:000336146600007,2014.0,QUARTERLY JOURNAL OF ECONOMICS,0033-5533,10.1093/qje/qju007,129,2
WOS:000330451700001,2014.0,QUARTERLY JOURNAL OF ECONOMICS,0033-5533,10.1093/qje/qjt031,129,1
WOS:000330451700002,2014.0,QUARTERLY JOURNAL OF ECONOMICS,0033-5533,10.1093/qje/qjt032,129,1
WOS:000986374800001,2023.0,QUARTERLY JOURNAL OF ECONOMICS,0033-5533,10.1093/qje/qjad010,138,3
WOS:000935187000001,2023.0,QUARTERLY JOURNAL OF ECONOMICS,0033-5533,10.1093/qje/qjad001,138,2
WOS:000793034100001,2022.0,QUARTERLY JOURNAL OF ECONOMICS,0033-5533,10.1093/qje/qjac016,137,4
WOS:000770112400001,2022.0,QUARTERLY JOURNAL OF ECONOMICS,0033-5533,10.1093/qje/qjac008,137,3
WOS:000642334600002,2021.0,QUARTERLY JOURNAL OF ECONOMICS,0033-5533,10.1093/qje/qjaa041,136,2
WOS:000612198000007,2021.0,QUARTERLY JOURNAL OF ECONOMICS,0033-5533,10.1093/qje/qjaa033,136,1
WOS:000489162800002,2019.0,QUARTERLY JOURNAL OF ECONOMICS,0033-5533,10.1093/qje/qjz008,134,3
WOS:000401981500009,2017.0,QUARTERLY JOURNAL OF ECONOMICS,0033-5533,10.1093/qje/qjw044,132,2
WOS:000371602500005,2016.0,QUARTERLY JOURNAL OF ECONOMICS,0033-5533,10.1093/qje/qjv042,131,1
WOS:000875748600001,2022.0,QUARTERLY JOURNAL OF ECONOMICS,0033-5533,10.1093/qje/qjac037,138,1
WOS:000864359300001,2022.0,QUARTERLY JOURNAL OF ECONOMICS,0033-5533,10.1093/qje/qjac031,138,1
WOS:000763959600001,2022.0,QUARTERLY JOURNAL OF ECONOMICS,0033-5533,10.1093/qje/qjab041,137,2
WOS:000612198000009,2021.0,QUARTERLY JOURNAL OF ECONOMICS,0033-5533,10.1093/qje/qjaa035,136,1
WOS:000593217300010,2020.0,QUARTERLY JOURNAL OF ECONOMICS,0033-5533,10.1093/qje/qjaa017,135,4
WOS:000593217300004,2020.0,QUARTERLY JOURNAL OF ECONOMICS,0033-5533,10.1093/qje/qjaa021,135,4
WOS:000544015700007,2020.0,QUARTERLY JOURNAL OF ECONOMICS,0033-5533,10.1093/qje/qjaa001,135,2
WOS:000507362800008,2020.0,QUARTERLY JOURNAL OF ECONOMICS,0033-5533,10.1093/qje/qjz033,135,1
WOS:000489163400010,2019.0,QUARTERLY JOURNAL OF ECONOMICS,0033-5533,10.1093/qje/qjz018,134,4
WOS:000451280400007,2018.0,QUARTERLY JOURNAL OF ECONOMICS,0033-5533,10.1093/qje/qjy003,133,3
WOS:000412764300004,2017.0,QUARTERLY JOURNAL OF ECONOMICS,0033-5533,10.1093/qje/qjx018,132,4
WOS:000365535400008,2015.0,QUARTERLY JOURNAL OF ECONOMICS,0033-5533,10.1093/qje/qjv023,130,4
WOS:000346660500009,2014.0,QUARTERLY JOURNAL OF ECONOMICS,0033-5533,10.1093/qje/qju020,129,4
WOS:001051517900001,2023.0,QUARTERLY JOURNAL OF ECONOMICS,0033-5533,10.1093/qje/qjad029,138,4
WOS:000813230500001,2022.0,QUARTERLY JOURNAL OF ECONOMICS,0033-5533,10.1093/qje/qjac021,137,4
WOS:000770415300001,2022.0,QUARTERLY JOURNAL OF ECONOMICS,0033-5533,10.1093/qje/qjac009,137,3
WOS:000642334600005,2021.0,QUARTERLY JOURNAL OF ECONOMICS,0033-5533,10.1093/qje/qjaa037,136,2
WOS:000672777600011,2021.0,QUARTERLY JOURNAL OF ECONOMICS,0033-5533,10.1093/qje/qjab013,136,3
WOS:000642334600008,2021.0,QUARTERLY JOURNAL OF ECONOMICS,0033-5533,10.1093/qje/qjab002,136,2
WOS:000593217300002,2020.0,QUARTERLY JOURNAL OF ECONOMICS,0033-5533,10.1093/qje/qjaa019,135,4
WOS:000544017700007,2020.0,QUARTERLY JOURNAL OF ECONOMICS,0033-5533,10.1093/qje/qjaa005,135,3
WOS:000544017700001,2020.0,QUARTERLY JOURNAL OF ECONOMICS,0033-5533,10.1093/qje/qjaa006,135,3
WOS:000544017700005,2020.0,QUARTERLY JOURNAL OF ECONOMICS,0033-5533,10.1093/qje/qjaa009,135,3
WOS:000451280400005,2018.0,QUARTERLY JOURNAL OF ECONOMICS,0033-5533,10.1093/qje/qjy001,133,3
WOS:000401981500010,2017.0,QUARTERLY JOURNAL OF ECONOMICS,0033-5533,10.1093/qje/qjw042,132,2
WOS:000388576700005,2016.0,QUARTERLY JOURNAL OF ECONOMICS,0033-5533,10.1093/qje/qjw029,131,4
WOS:000383326100008,2016.0,QUARTERLY JOURNAL OF ECONOMICS,0033-5533,10.1093/qje/qjw014,131,3
WOS:000346660500001,2014.0,QUARTERLY JOURNAL OF ECONOMICS,0033-5533,10.1093/qje/qju022,129,4
WOS:000336146600001,2014.0,QUARTERLY JOURNAL OF ECONOMICS,0033-5533,10.1093/qje/qju001,129,2
WOS:000793997100001,2022.0,QUARTERLY JOURNAL OF ECONOMICS,0033-5533,10.1093/qje/qjac018,137,4
WOS:000764079400001,2022.0,QUARTERLY JOURNAL OF ECONOMICS,0033-5533,10.1093/qje/qjab040,137,2
WOS:000672777600002,2021.0,QUARTERLY JOURNAL OF ECONOMICS,0033-5533,10.1093/qje/qjab005,136,3
WOS:000593217300008,2020.0,QUARTERLY JOURNAL OF ECONOMICS,0033-5533,10.1093/qje/qjaa018,135,4
WOS:000489162800006,2019.0,QUARTERLY JOURNAL OF ECONOMICS,0033-5533,10.1093/qje/qjz014,134,3
WOS:000489162100005,2019.0,QUARTERLY JOURNAL OF ECONOMICS,0033-5533,10.1093/qje/qjy034,134,2
WOS:000406177000009,2017.0,QUARTERLY JOURNAL OF ECONOMICS,0033-5533,10.1093/qje/qjx007,132,3
WOS:000401981500005,2017.0,QUARTERLY JOURNAL OF ECONOMICS,0033-5533,10.1093/qje/qjw045,132,2
WOS:000365535400002,2015.0,QUARTERLY JOURNAL OF ECONOMICS,0033-5533,10.1093/qje/qjv029,130,4
WOS:000365535400006,2015.0,QUARTERLY JOURNAL OF ECONOMICS,0033-5533,10.1093/qje/qjv025,130,4
WOS:000354733000010,2015.0,QUARTERLY JOURNAL OF ECONOMICS,0033-5533,10.1093/qje/qjv008,130,2
WOS:000354733000005,2015.0,QUARTERLY JOURNAL OF ECONOMICS,0033-5533,10.1093/qje/qjv004,130,2
WOS:000342236000004,2014.0,QUARTERLY JOURNAL OF ECONOMICS,0033-5533,10.1093/qje/qju012,129,3
WOS:001018021300001,2023.0,QUARTERLY JOURNAL OF ECONOMICS,0033-5533,10.1093/qje/qjad020,138,4
WOS:000935197700001,2023.0,QUARTERLY JOURNAL OF ECONOMICS,0033-5533,10.1093/qje/qjac046,138,2
WOS:000763802200001,2022.0,QUARTERLY JOURNAL OF ECONOMICS,0033-5533,10.1093/qje/qjab048,137,2
WOS:000728439200009,2021.0,QUARTERLY JOURNAL OF ECONOMICS,0033-5533,10.1093/qje/qjab023,136,4
WOS:000642334600001,2021.0,QUARTERLY JOURNAL OF ECONOMICS,0033-5533,10.1093/qje/qjaa038,136,2
WOS:000642334600009,2021.0,QUARTERLY JOURNAL OF ECONOMICS,0033-5533,10.1093/qje/qjaa048,136,2
WOS:000544017700004,2020.0,QUARTERLY JOURNAL OF ECONOMICS,0033-5533,10.1093/qje/qjaa007,135,3
WOS:000544017700006,2020.0,QUARTERLY JOURNAL OF ECONOMICS,0033-5533,10.1093/qje/qjaa008,135,3
WOS:000406177000002,2017.0,QUARTERLY JOURNAL OF ECONOMICS,0033-5533,10.1093/qje/qjx010,132,3
WOS:000401981500007,2017.0,QUARTERLY JOURNAL OF ECONOMICS,0033-5533,10.1093/qje/qjx001,132,2
WOS:000351525000008,2015.0,QUARTERLY JOURNAL OF ECONOMICS,0033-5533,10.1093/qje/qju033,130,1
WOS:000351525000006,2015.0,QUARTERLY JOURNAL OF ECONOMICS,0033-5533,10.1093/qje/qju038,130,1
WOS:000336146600003,2014.0,QUARTERLY JOURNAL OF ECONOMICS,0033-5533,10.1093/qje/qju002,129,2
WOS:001017928700001,2023.0,QUARTERLY JOURNAL OF ECONOMICS,0033-5533,10.1093/qje/qjad021,138,4
WOS:000836166500001,2022.0,QUARTERLY JOURNAL OF ECONOMICS,0033-5533,10.1093/qje/qjac026,137,4
WOS:000764873200001,2022.0,QUARTERLY JOURNAL OF ECONOMICS,0033-5533,10.1093/qje/qjab045,137,2
WOS:000642334600010,2021.0,QUARTERLY JOURNAL OF ECONOMICS,0033-5533,10.1093/qje/qjaa039,136,2
WOS:000672777600007,2021.0,QUARTERLY JOURNAL OF ECONOMICS,0033-5533,10.1093/qje/qjab010,136,3
WOS:000612198000012,2021.0,QUARTERLY JOURNAL OF ECONOMICS,0033-5533,10.1093/qje/qjaa026,136,1
WOS:000544017700010,2020.0,QUARTERLY JOURNAL OF ECONOMICS,0033-5533,10.1093/qje/qjaa010,135,3
WOS:000396771300010,2017.0,QUARTERLY JOURNAL OF ECONOMICS,0033-5533,10.1093/qje/qjw039,132,1
WOS:000371602500002,2016.0,QUARTERLY JOURNAL OF ECONOMICS,0033-5533,10.1093/qje/qjv037,131,1
WOS:000346660500005,2014.0,QUARTERLY JOURNAL OF ECONOMICS,0033-5533,10.1093/qje/qju025,129,4
WOS:000342236000009,2014.0,QUARTERLY JOURNAL OF ECONOMICS,0033-5533,10.1093/qje/qju017,129,3
WOS:000336146600006,2014.0,QUARTERLY JOURNAL OF ECONOMICS,0033-5533,10.1093/qje/qju006,129,2
WOS:000926656800001,2023.0,QUARTERLY JOURNAL OF ECONOMICS,0033-5533,10.1093/qje/qjac043,138,2
WOS:000806495000001,2022.0,QUARTERLY JOURNAL OF ECONOMICS,0033-5533,10.1093/qje/qjac017,137,4
WOS:000764043900001,2022.0,QUARTERLY JOURNAL OF ECONOMICS,0033-5533,10.1093/qje/qjab042,137,2
WOS:000728439200003,2021.0,QUARTERLY JOURNAL OF ECONOMICS,0033-5533,10.1093/qje/qjab030,136,4
WOS:000612198000001,2021.0,QUARTERLY JOURNAL OF ECONOMICS,0033-5533,10.1093/qje/qjaa029,136,1
WOS:000544015700002,2020.0,QUARTERLY JOURNAL OF ECONOMICS,0033-5533,10.1093/qje/qjaa004,135,2
WOS:000489162100001,2019.0,QUARTERLY JOURNAL OF ECONOMICS,0033-5533,10.1093/qje/qjy029,134,2
WOS:000489161300006,2019.0,QUARTERLY JOURNAL OF ECONOMICS,0033-5533,10.1093/qje/qjy023,134,1
WOS:000435871300005,2018.0,QUARTERLY JOURNAL OF ECONOMICS,0033-5533,10.1093/qje/qjx042,133,2
WOS:000423802600003,2018.0,QUARTERLY JOURNAL OF ECONOMICS,0033-5533,10.1093/qje/qjx027,133,1
WOS:000423802600010,2018.0,QUARTERLY JOURNAL OF ECONOMICS,0033-5533,10.1093/qje/qjx033,133,1
WOS:000423802600009,2018.0,QUARTERLY JOURNAL OF ECONOMICS,0033-5533,10.1093/qje/qjx035,133,1
WOS:000388576700004,2016.0,QUARTERLY JOURNAL OF ECONOMICS,0033-5533,10.1093/qje/qjw026,131,4
WOS:000336146600004,2014.0,QUARTERLY JOURNAL OF ECONOMICS,0033-5533,10.1093/qje/qju005,129,2
WOS:000979999900001,2023.0,QUARTERLY JOURNAL OF ECONOMICS,0033-5533,10.1093/qje/qjad017,138,4
WOS:000946887400001,2023.0,QUARTERLY JOURNAL OF ECONOMICS,0033-5533,10.1093/qje/qjad005,138,3
WOS:000921150500004,2022.0,QUARTERLY JOURNAL OF ECONOMICS,0033-5533,10.1093/qje/qjac034,138,1
WOS:000743312400010,2022.0,QUARTERLY JOURNAL OF ECONOMICS,0033-5533,10.1093/qje/qjab032,137,1
WOS:000728439200005,2021.0,QUARTERLY JOURNAL OF ECONOMICS,0033-5533,10.1093/qje/qjab029,136,4
WOS:000642334600012,2021.0,QUARTERLY JOURNAL OF ECONOMICS,0033-5533,10.1093/qje/qjaa044,136,2
WOS:000672777600006,2021.0,QUARTERLY JOURNAL OF ECONOMICS,0033-5533,10.1093/qje/qjab008,136,3
WOS:000544015700003,2020.0,QUARTERLY JOURNAL OF ECONOMICS,0033-5533,10.1093/qje/qjz042,135,2
WOS:000544015700006,2020.0,QUARTERLY JOURNAL OF ECONOMICS,0033-5533,10.1093/qje/qjz037,135,2
WOS:000489162800004,2019.0,QUARTERLY JOURNAL OF ECONOMICS,0033-5533,10.1093/qje/qjz005,134,3
WOS:000451281400009,2018.0,QUARTERLY JOURNAL OF ECONOMICS,0033-5533,10.1093/qje/qjy016,133,4
WOS:000435871300010,2018.0,QUARTERLY JOURNAL OF ECONOMICS,0033-5533,10.1093/qje/qjx038,133,2
WOS:000412764300007,2017.0,QUARTERLY JOURNAL OF ECONOMICS,0033-5533,10.1093/qje/qjx016,132,4
WOS:000412764300009,2017.0,QUARTERLY JOURNAL OF ECONOMICS,0033-5533,10.1093/qje/qjx015,132,4
WOS:000412764300011,2017.0,QUARTERLY JOURNAL OF ECONOMICS,0033-5533,10.1093/qje/qjx039,132,4
WOS:000401981500004,2017.0,QUARTERLY JOURNAL OF ECONOMICS,0033-5533,10.1093/qje/qjx004,132,2
WOS:000388576700009,2016.0,QUARTERLY JOURNAL OF ECONOMICS,0033-5533,10.1093/qje/qjw028,131,4
WOS:000380249200007,2016.0,QUARTERLY JOURNAL OF ECONOMICS,0033-5533,10.1093/qje/qjw008,131,2
WOS:000764764900001,2022.0,QUARTERLY JOURNAL OF ECONOMICS,0033-5533,10.1093/qje/qjab046,137,2
WOS:000728439200004,2021.0,QUARTERLY JOURNAL OF ECONOMICS,0033-5533,10.1093/qje/qjab009,136,4
WOS:000612198000010,2021.0,QUARTERLY JOURNAL OF ECONOMICS,0033-5533,10.1093/qje/qjaa028,136,1
WOS:000544015700004,2020.0,QUARTERLY JOURNAL OF ECONOMICS,0033-5533,10.1093/qje/qjz040,135,2
WOS:000451280400008,2018.0,QUARTERLY JOURNAL OF ECONOMICS,0033-5533,10.1093/qje/qjy002,133,3
WOS:000435871300003,2018.0,QUARTERLY JOURNAL OF ECONOMICS,0033-5533,10.1093/qje/qjx047,133,2
WOS:000396771300006,2017.0,QUARTERLY JOURNAL OF ECONOMICS,0033-5533,10.1093/qje/qjw035,132,1
WOS:000396771300005,2017.0,QUARTERLY JOURNAL OF ECONOMICS,0033-5533,10.1093/QJE/qjw036,132,1
WOS:000388576700007,2016.0,QUARTERLY JOURNAL OF ECONOMICS,0033-5533,10.1093/qje/qjw021,131,4
WOS:000383326100001,2016.0,QUARTERLY JOURNAL OF ECONOMICS,0033-5533,10.1093/qje/qjw019,131,3
WOS:000359638900005,2015.0,QUARTERLY JOURNAL OF ECONOMICS,0033-5533,10.1093/qje/qjv017,130,3
WOS:001076716200001,2023.0,QUARTERLY JOURNAL OF ECONOMICS,0033-5533,10.1093/qje/qjad023,138,4
WOS:001030461600001,2023.0,QUARTERLY JOURNAL OF ECONOMICS,0033-5533,10.1093/qje/qjad027,138,4
WOS:001035117100001,2023.0,QUARTERLY JOURNAL OF ECONOMICS,0033-5533,10.1093/qje/qjad024,138,4
WOS:000865127000001,2022.0,QUARTERLY JOURNAL OF ECONOMICS,0033-5533,10.1093/qje/qjac032,138,1
WOS:000764509800001,2022.0,QUARTERLY JOURNAL OF ECONOMICS,0033-5533,10.1093/qje/qjab047,137,2
WOS:000743312400011,2022.0,QUARTERLY JOURNAL OF ECONOMICS,0033-5533,10.1093/qje/qjab035,137,1
WOS:000728439200007,2021.0,QUARTERLY JOURNAL OF ECONOMICS,0033-5533,10.1093/qje/qjab033,136,4
WOS:000642334600007,2021.0,QUARTERLY JOURNAL OF ECONOMICS,0033-5533,10.1093/qje/qjaa047,136,2
WOS:000451281400007,2018.0,QUARTERLY JOURNAL OF ECONOMICS,0033-5533,10.1093/qje/qjy010,133,4
WOS:000401981500001,2017.0,QUARTERLY JOURNAL OF ECONOMICS,0033-5533,10.1093/qje/qjx002,132,2
WOS:000351525000003,2015.0,QUARTERLY JOURNAL OF ECONOMICS,0033-5533,10.1093/qje/qju037,130,1
WOS:000346660500010,2014.0,QUARTERLY JOURNAL OF ECONOMICS,0033-5533,10.1093/qje/qju027,129,4
WOS:000813236400001,2022.0,QUARTERLY JOURNAL OF ECONOMICS,0033-5533,10.1093/qje/qjac015,137,4
WOS:000770420700001,2022.0,QUARTERLY JOURNAL OF ECONOMICS,0033-5533,10.1093/qje/qjac002,137,3
WOS:000743312400001,2022.0,QUARTERLY JOURNAL OF ECONOMICS,0033-5533,10.1093/qje/qjab036,137,1
WOS:000728439200008,2021.0,QUARTERLY JOURNAL OF ECONOMICS,0033-5533,10.1093/qje/qjab034,136,4
WOS:000728439200012,2021.0,QUARTERLY JOURNAL OF ECONOMICS,0033-5533,10.1093/qje/qjab019,136,4
WOS:000672777600005,2021.0,QUARTERLY JOURNAL OF ECONOMICS,0033-5533,10.1093/qje/qjab017,136,3
WOS:000672777600008,2021.0,QUARTERLY JOURNAL OF ECONOMICS,0033-5533,10.1093/qje/qjab011,136,3
WOS:000544017700008,2020.0,QUARTERLY JOURNAL OF ECONOMICS,0033-5533,10.1093/qje/qjaa013,135,3
WOS:000489163400009,2019.0,QUARTERLY JOURNAL OF ECONOMICS,0033-5533,10.1093/qje/qjz021,134,4
WOS:000489162100008,2019.0,QUARTERLY JOURNAL OF ECONOMICS,0033-5533,10.1093/qje/qjz001,134,2
WOS:000489161300003,2019.0,QUARTERLY JOURNAL OF ECONOMICS,0033-5533,10.1093/qje/qjy021,134,1
WOS:000489161300010,2019.0,QUARTERLY JOURNAL OF ECONOMICS,0033-5533,10.1093/qje/qjy024,134,1
WOS:000451280400001,2018.0,QUARTERLY JOURNAL OF ECONOMICS,0033-5533,10.1093/qje/qjy007,133,3
WOS:000435871300004,2018.0,QUARTERLY JOURNAL OF ECONOMICS,0033-5533,10.1093/qje/qjx037,133,2
WOS:000412764300003,2017.0,QUARTERLY JOURNAL OF ECONOMICS,0033-5533,10.1093/qje/qjx021,132,4
WOS:000406177000004,2017.0,QUARTERLY JOURNAL OF ECONOMICS,0033-5533,10.1093/qje/qjx006,132,3
WOS:000383326100006,2016.0,QUARTERLY JOURNAL OF ECONOMICS,0033-5533,10.1093/qje/qjw015,131,3
WOS:000342236000008,2014.0,QUARTERLY JOURNAL OF ECONOMICS,0033-5533,10.1093/qje/qju009,129,3
WOS:000342236000003,2014.0,QUARTERLY JOURNAL OF ECONOMICS,0033-5533,10.1093/qje/qju013,129,3
WOS:000336146600008,2014.0,QUARTERLY JOURNAL OF ECONOMICS,0033-5533,10.1093/qje/qju003,129,2
WOS:000946927000001,2023.0,QUARTERLY JOURNAL OF ECONOMICS,0033-5533,10.1093/qje/qjad007,138,3
WOS:000743312400009,2022.0,QUARTERLY JOURNAL OF ECONOMICS,0033-5533,10.1093/qje/qjab025,137,1
WOS:000612198000003,2021.0,QUARTERLY JOURNAL OF ECONOMICS,0033-5533,10.1093/qje/qjaa027,136,1
WOS:000593217300009,2020.0,QUARTERLY JOURNAL OF ECONOMICS,0033-5533,10.1093/qje/qjaa022,135,4
WOS:000544017700002,2020.0,QUARTERLY JOURNAL OF ECONOMICS,0033-5533,10.1093/qje/qjaa003,135,3
WOS:000544015700009,2020.0,QUARTERLY JOURNAL OF ECONOMICS,0033-5533,10.1093/qje/qjz039,135,2
WOS:000507362800009,2020.0,QUARTERLY JOURNAL OF ECONOMICS,0033-5533,10.1093/qje/qjz028,135,1
WOS:000507362800005,2020.0,QUARTERLY JOURNAL OF ECONOMICS,0033-5533,10.1093/qje/qjz034,135,1
WOS:000489162800008,2019.0,QUARTERLY JOURNAL OF ECONOMICS,0033-5533,10.1093/qje/qjz013,134,3
WOS:000489162100006,2019.0,QUARTERLY JOURNAL OF ECONOMICS,0033-5533,10.1093/qje/qjz003,134,2
WOS:000489161300004,2019.0,QUARTERLY JOURNAL OF ECONOMICS,0033-5533,10.1093/qje/qjy027,134,1
WOS:000451280400002,2018.0,QUARTERLY JOURNAL OF ECONOMICS,0033-5533,10.1093/qje/qjy006,133,3
WOS:000406177000006,2017.0,QUARTERLY JOURNAL OF ECONOMICS,0033-5533,10.1093/qje/qjx011,132,3
WOS:000396771300003,2017.0,QUARTERLY JOURNAL OF ECONOMICS,0033-5533,10.1093/qje/qjw030,132,1
WOS:000365535400009,2015.0,QUARTERLY JOURNAL OF ECONOMICS,0033-5533,10.1093/qje/qjv026,130,4
WOS:000351525000005,2015.0,QUARTERLY JOURNAL OF ECONOMICS,0033-5533,10.1093/qje/qju031,130,1
WOS:000346660500003,2014.0,QUARTERLY JOURNAL OF ECONOMICS,0033-5533,10.1093/qje/qju024,129,4
WOS:000854284500001,2022.0,QUARTERLY JOURNAL OF ECONOMICS,0033-5533,10.1093/qje/qjac028,138,1
WOS:000743312400012,2022.0,QUARTERLY JOURNAL OF ECONOMICS,0033-5533,10.1093/qje/qjab024,137,1
WOS:000507362800006,2020.0,QUARTERLY JOURNAL OF ECONOMICS,0033-5533,10.1093/qje/qjz035,135,1
WOS:000489163400006,2019.0,QUARTERLY JOURNAL OF ECONOMICS,0033-5533,10.1093/qje/qjz025,134,4
WOS:000435871300008,2018.0,QUARTERLY JOURNAL OF ECONOMICS,0033-5533,10.1093/qje/qjx046,133,2
WOS:000406177000001,2017.0,QUARTERLY JOURNAL OF ECONOMICS,0033-5533,10.1093/qje/qjx009,132,3
WOS:000380249200003,2016.0,QUARTERLY JOURNAL OF ECONOMICS,0033-5533,10.1093/qje/qjv038,131,2
WOS:000342236000005,2014.0,QUARTERLY JOURNAL OF ECONOMICS,0033-5533,10.1093/qje/qju018,129,3
WOS:000988606100001,2023.0,QUARTERLY JOURNAL OF ECONOMICS,0033-5533,10.1093/qje/qjad016,138,3
WOS:000803708500001,2022.0,QUARTERLY JOURNAL OF ECONOMICS,0033-5533,10.1093/qje/qjac013,137,3
WOS:000785751900001,2022.0,QUARTERLY JOURNAL OF ECONOMICS,0033-5533,10.1093/qje/qjac007,137,3
WOS:000770118700001,2022.0,QUARTERLY JOURNAL OF ECONOMICS,0033-5533,10.1093/qje/qjac005,137,3
WOS:000743312400003,2022.0,QUARTERLY JOURNAL OF ECONOMICS,0033-5533,10.1093/qje/qjab027,137,1
WOS:000672777600003,2021.0,QUARTERLY JOURNAL OF ECONOMICS,0033-5533,10.1093/qje/qjab016,136,3
WOS:000672777600012,2021.0,QUARTERLY JOURNAL OF ECONOMICS,0033-5533,10.1093/qje/qjab015,136,3
WOS:000672777600001,2021.0,QUARTERLY JOURNAL OF ECONOMICS,0033-5533,10.1093/qje/qjab012,136,3
WOS:000642334600006,2021.0,QUARTERLY JOURNAL OF ECONOMICS,0033-5533,10.1093/qje/qjaa043,136,2
WOS:000593217300003,2020.0,QUARTERLY JOURNAL OF ECONOMICS,0033-5533,10.1093/qje/qjaa016,135,4
WOS:000489162800001,2019.0,QUARTERLY JOURNAL OF ECONOMICS,0033-5533,10.1093/qje/qjz006,134,3
WOS:000423802600004,2018.0,QUARTERLY JOURNAL OF ECONOMICS,0033-5533,10.1093/qje/qjx028,133,1
WOS:000423802600001,2018.0,QUARTERLY JOURNAL OF ECONOMICS,0033-5533,10.1093/qje/qjx026,133,1
WOS:000423802600005,2018.0,QUARTERLY JOURNAL OF ECONOMICS,0033-5533,10.1093/qje/qjx032,133,1
WOS:000396771300009,2017.0,QUARTERLY JOURNAL OF ECONOMICS,0033-5533,10.1093/qje/qjw032,132,1
WOS:000396771300008,2017.0,QUARTERLY JOURNAL OF ECONOMICS,0033-5533,10.1093/qje/qjw034,132,1
WOS:000380249200009,2016.0,QUARTERLY JOURNAL OF ECONOMICS,0033-5533,10.1093/qje/qjw006,131,2
WOS:000351525000010,2015.0,QUARTERLY JOURNAL OF ECONOMICS,0033-5533,10.1093/qje/qju030,130,1
WOS:000342236000001,2014.0,QUARTERLY JOURNAL OF ECONOMICS,0033-5533,10.1093/qje/qju014,129,3
WOS:000336146600005,2014.0,QUARTERLY JOURNAL OF ECONOMICS,0033-5533,10.1093/qje/qjt057,129,2
WOS:000986429900001,2023.0,QUARTERLY JOURNAL OF ECONOMICS,0033-5533,10.1093/qje/qjad013,138,3
WOS:000867883100001,2022.0,QUARTERLY JOURNAL OF ECONOMICS,0033-5533,10.1093/qje/qjac035,138,1
WOS:000612198000004,2021.0,QUARTERLY JOURNAL OF ECONOMICS,0033-5533,10.1093/qje/qjaa031,136,1
WOS:000507362800007,2020.0,QUARTERLY JOURNAL OF ECONOMICS,0033-5533,10.1093/qje/qjz032,135,1
WOS:000435871300009,2018.0,QUARTERLY JOURNAL OF ECONOMICS,0033-5533,10.1093/qje/qjx040,133,2
WOS:000406177000005,2017.0,QUARTERLY JOURNAL OF ECONOMICS,0033-5533,10.1093/qje/qjx013,132,3
WOS:000396771300007,2017.0,QUARTERLY JOURNAL OF ECONOMICS,0033-5533,10.1093/qje/qjw031,132,1
WOS:000380249200006,2016.0,QUARTERLY JOURNAL OF ECONOMICS,0033-5533,10.1093/qje/qjw002,131,2
WOS:000371602500003,2016.0,QUARTERLY JOURNAL OF ECONOMICS,0033-5533,10.1093/qje/qjv039,131,1
WOS:000354733000003,2015.0,QUARTERLY JOURNAL OF ECONOMICS,0033-5533,10.1093/qje/qjv002,130,2
WOS:000354733000004,2015.0,QUARTERLY JOURNAL OF ECONOMICS,0033-5533,10.1093/qje/qjv007,130,2
WOS:000351525000002,2015.0,QUARTERLY JOURNAL OF ECONOMICS,0033-5533,10.1093/qje/qju035,130,1
WOS:000346660500002,2014.0,QUARTERLY JOURNAL OF ECONOMICS,0033-5533,10.1093/qje/qju023,129,4
WOS:000939688700001,2023.0,QUARTERLY JOURNAL OF ECONOMICS,0033-5533,10.1093/qje/qjad004,138,3
WOS:000935195800001,2023.0,QUARTERLY JOURNAL OF ECONOMICS,0033-5533,10.1093/qje/qjac044,138,2
WOS:000904947200001,2023.0,QUARTERLY JOURNAL OF ECONOMICS,0033-5533,10.1093/qje/qjac042,138,2
WOS:000770114200001,2022.0,QUARTERLY JOURNAL OF ECONOMICS,0033-5533,10.1093/qje/qjac006,137,3
WOS:000489163400001,2019.0,QUARTERLY JOURNAL OF ECONOMICS,0033-5533,10.1093/qje/qjz020,134,4
WOS:000489162100010,2019.0,QUARTERLY JOURNAL OF ECONOMICS,0033-5533,10.1093/qje/qjy032,134,2
WOS:000489161300008,2019.0,QUARTERLY JOURNAL OF ECONOMICS,0033-5533,10.1093/qje/qjy026,134,1
WOS:000423802600002,2018.0,QUARTERLY JOURNAL OF ECONOMICS,0033-5533,10.1093/qje/qjx034,133,1
WOS:000406177000008,2017.0,QUARTERLY JOURNAL OF ECONOMICS,0033-5533,10.1093/qje/qjx005,132,3
WOS:000396771300001,2017.0,QUARTERLY JOURNAL OF ECONOMICS,0033-5533,10.1093/qje/qjw033,132,1
WOS:000371602500004,2016.0,QUARTERLY JOURNAL OF ECONOMICS,0033-5533,10.1093/qje/qjv036,131,1
WOS:000330451700010,2014.0,QUARTERLY JOURNAL OF ECONOMICS,0033-5533,10.1093/qje/qjt026,129,1
WOS:000330451700006,2014.0,QUARTERLY JOURNAL OF ECONOMICS,0033-5533,10.1093/qje/qjt030,129,1
WOS:000986430600001,2023.0,QUARTERLY JOURNAL OF ECONOMICS,0033-5533,10.1093/qje/qjad009,138,3
WOS:000743312400008,2022.0,QUARTERLY JOURNAL OF ECONOMICS,0033-5533,10.1093/qje/qjab020,137,1
WOS:000593217300007,2020.0,QUARTERLY JOURNAL OF ECONOMICS,0033-5533,10.1093/qje/qjaa024,135,4
WOS:000544015700005,2020.0,QUARTERLY JOURNAL OF ECONOMICS,0033-5533,10.1093/qje/qjz038,135,2
WOS:000489162800003,2019.0,QUARTERLY JOURNAL OF ECONOMICS,0033-5533,10.1093/qje/qjz012,134,3
WOS:000451281400008,2018.0,QUARTERLY JOURNAL OF ECONOMICS,0033-5533,10.1093/qje/qjy011,133,4
WOS:000401981500002,2017.0,QUARTERLY JOURNAL OF ECONOMICS,0033-5533,10.1093/qje/qjw041,132,2
WOS:000396771300002,2017.0,QUARTERLY JOURNAL OF ECONOMICS,0033-5533,10.1093/qje/qjw038,132,1
WOS:000380249200010,2016.0,QUARTERLY JOURNAL OF ECONOMICS,0033-5533,10.1093/qje/qjw007,131,2
,,QUARTERLY JOURNAL OF ECONOMICS,,,10.1093/qje/qjv015,http://dx.doi.org/10.1093/qje/qjv015
WOS:000359638900009,2015.0,QUARTERLY JOURNAL OF ECONOMICS,0033-5533,10.1093/qje/qjv014,130,3
WOS:000936189300001,2023.0,QUARTERLY JOURNAL OF ECONOMICS,0033-5533,10.1093/qje/qjad003,138,2
WOS:000891996300001,2023.0,QUARTERLY JOURNAL OF ECONOMICS,0033-5533,10.1093/qje/qjac041,138,2
WOS:000867882500001,2022.0,QUARTERLY JOURNAL OF ECONOMICS,0033-5533,10.1093/qje/qjac036,138,1
WOS:000826159000011,2022.0,QUARTERLY JOURNAL OF ECONOMICS,0033-5533,10.1093/qje/qjac025,137,3
WOS:000764683400001,2022.0,QUARTERLY JOURNAL OF ECONOMICS,0033-5533,10.1093/qje/qjab049,137,2
WOS:000544017700003,2020.0,QUARTERLY JOURNAL OF ECONOMICS,0033-5533,10.1093/qje/qjaa012,135,3
WOS:000544015700010,2020.0,QUARTERLY JOURNAL OF ECONOMICS,0033-5533,10.1093/qje/qjz043,135,2
WOS:000507362800003,2020.0,QUARTERLY JOURNAL OF ECONOMICS,0033-5533,10.1093/qje/qjz030,135,1
WOS:000507362800001,2020.0,QUARTERLY JOURNAL OF ECONOMICS,0033-5533,10.1093/qje/qjz036,135,1
WOS:000489163400004,2019.0,QUARTERLY JOURNAL OF ECONOMICS,0033-5533,10.1093/qje/qjz026,134,4
WOS:000489161300007,2019.0,QUARTERLY JOURNAL OF ECONOMICS,0033-5533,10.1093/qje/qjy019,134,1
WOS:000451280400006,2018.0,QUARTERLY JOURNAL OF ECONOMICS,0033-5533,10.1093/qje/qjx050,133,3
WOS:000388576700002,2016.0,QUARTERLY JOURNAL OF ECONOMICS,0033-5533,10.1093/qje/qjw022,131,4
WOS:000380249200004,2016.0,QUARTERLY JOURNAL OF ECONOMICS,0033-5533,10.1093/qje/qjw001,131,2
WOS:000371602500009,2016.0,QUARTERLY JOURNAL OF ECONOMICS,0033-5533,10.1093/qje/qjv034,131,1
WOS:000905046000001,2023.0,QUARTERLY JOURNAL OF ECONOMICS,0033-5533,10.1093/qje/qjac040,138,2
WOS:000892024400001,2023.0,QUARTERLY JOURNAL OF ECONOMICS,0033-5533,10.1093/qje/qjac039,138,2
WOS:000813228500001,2022.0,QUARTERLY JOURNAL OF ECONOMICS,0033-5533,10.1093/qje/qjac023,137,4
WOS:000785803800001,2022.0,QUARTERLY JOURNAL OF ECONOMICS,0033-5533,10.1093/qje/qjac014,137,4
WOS:000672777600010,2021.0,QUARTERLY JOURNAL OF ECONOMICS,0033-5533,10.1093/qje/qjab006,136,3
WOS:000544017700009,2020.0,QUARTERLY JOURNAL OF ECONOMICS,0033-5533,10.1093/qje/qjaa011,135,3
WOS:000489163400002,2019.0,QUARTERLY JOURNAL OF ECONOMICS,0033-5533,10.1093/qje/qjz023,134,4
WOS:000489162800005,2019.0,QUARTERLY JOURNAL OF ECONOMICS,0033-5533,10.1093/qje/qjz011,134,3
WOS:000489161300009,2019.0,QUARTERLY JOURNAL OF ECONOMICS,0033-5533,10.1093/qje/qjy022,134,1
WOS:000412764300001,2017.0,QUARTERLY JOURNAL OF ECONOMICS,0033-5533,10.1093/qje/qjx023,132,4
WOS:000388576700001,2016.0,QUARTERLY JOURNAL OF ECONOMICS,0033-5533,10.1093/qje/qjw024,131,4
WOS:000380249200005,2016.0,QUARTERLY JOURNAL OF ECONOMICS,0033-5533,10.1093/qje/qjw009,131,2
WOS:000354733000008,2015.0,QUARTERLY JOURNAL OF ECONOMICS,0033-5533,10.1093/qje/qjv005,130,2
WOS:000351525000007,2015.0,QUARTERLY JOURNAL OF ECONOMICS,0033-5533,10.1093/qje/qju029,130,1
WOS:000342236000002,2014.0,QUARTERLY JOURNAL OF ECONOMICS,0033-5533,10.1093/qje/qju016,129,3
WOS:000342236000006,2014.0,QUARTERLY JOURNAL OF ECONOMICS,0033-5533,10.1093/qje/qju015,129,3
WOS:000330451700004,2014.0,QUARTERLY JOURNAL OF ECONOMICS,0033-5533,10.1093/qje/qjt029,129,1
WOS:000942114200001,2023.0,QUARTERLY JOURNAL OF ECONOMICS,0033-5533,10.1093/qje/qjad002,138,2
WOS:000885663500001,2022.0,QUARTERLY JOURNAL OF ECONOMICS,0033-5533,10.1093/qje/qjac038,138,1
WOS:000728439200006,2021.0,QUARTERLY JOURNAL OF ECONOMICS,0033-5533,10.1093/qje/qjab007,136,4
WOS:000593217300005,2020.0,QUARTERLY JOURNAL OF ECONOMICS,0033-5533,10.1093/qje/qjaa020,135,4
WOS:000489162800010,2019.0,QUARTERLY JOURNAL OF ECONOMICS,0033-5533,10.1093/qje/qjz010,134,3
WOS:000451280400009,2018.0,QUARTERLY JOURNAL OF ECONOMICS,0033-5533,10.1093/qje/qjx048,133,3
WOS:000451280400004,2018.0,QUARTERLY JOURNAL OF ECONOMICS,0033-5533,10.1093/qje/qjy004,133,3
WOS:000401981500003,2017.0,QUARTERLY JOURNAL OF ECONOMICS,0033-5533,10.1093/qje/qjw040,132,2
WOS:000383326100009,2016.0,QUARTERLY JOURNAL OF ECONOMICS,0033-5533,10.1093/qje/qjw010,131,3
WOS:000371602500006,2016.0,QUARTERLY JOURNAL OF ECONOMICS,0033-5533,10.1093/qje/qjv041,131,1
WOS:000354733000011,2015.0,QUARTERLY JOURNAL OF ECONOMICS,0033-5533,10.1093/qje/qjv009,130,2
WOS:000351525000004,2015.0,QUARTERLY JOURNAL OF ECONOMICS,0033-5533,10.1093/qje/qju032,130,1
WOS:001065157900001,2023.0,QUARTERLY JOURNAL OF ECONOMICS,0033-5533,10.1093/qje/qjad028,138,4
WOS:000999691800001,2023.0,QUARTERLY JOURNAL OF ECONOMICS,0033-5533,10.1093/qje/qjad014,138,3
WOS:000855414400001,2022.0,QUARTERLY JOURNAL OF ECONOMICS,0033-5533,10.1093/qje/qjac030,138,1
WOS:000770421700001,2022.0,QUARTERLY JOURNAL OF ECONOMICS,0033-5533,10.1093/qje/qjac010,137,3
WOS:000728439200010,2021.0,QUARTERLY JOURNAL OF ECONOMICS,0033-5533,10.1093/qje/qjaa045,136,4
WOS:000743312400005,2022.0,QUARTERLY JOURNAL OF ECONOMICS,0033-5533,10.1093/qje/qjab026,137,1
WOS:000642334600004,2021.0,QUARTERLY JOURNAL OF ECONOMICS,0033-5533,10.1093/qje/qjaa042,136,2
WOS:000544015700008,2020.0,QUARTERLY JOURNAL OF ECONOMICS,0033-5533,10.1093/qje/qjz044,135,2
WOS:000489162100004,2019.0,QUARTERLY JOURNAL OF ECONOMICS,0033-5533,10.1093/qje/qjy031,134,2
WOS:000451280400003,2018.0,QUARTERLY JOURNAL OF ECONOMICS,0033-5533,10.1093/qje/qjx049,133,3
WOS:000435871300007,2018.0,QUARTERLY JOURNAL OF ECONOMICS,0033-5533,10.1093/qje/qjx044,133,2
WOS:000423802600007,2018.0,QUARTERLY JOURNAL OF ECONOMICS,0033-5533,10.1093/qje/qjx030,133,1
WOS:000412764300008,2017.0,QUARTERLY JOURNAL OF ECONOMICS,0033-5533,10.1093/qje/qjx024,132,4
WOS:000406177000011,2017.0,QUARTERLY JOURNAL OF ECONOMICS,0033-5533,10.1093/qje/qjx025,132,3
WOS:000365535400007,2015.0,QUARTERLY JOURNAL OF ECONOMICS,0033-5533,10.1093/qje/qjv030,130,4
WOS:000365535400004,2015.0,QUARTERLY JOURNAL OF ECONOMICS,0033-5533,10.1093/qje/qjv022,130,4
WOS:000351525000001,2015.0,QUARTERLY JOURNAL OF ECONOMICS,0033-5533,10.1093/qje/qju036,130,1
WOS:000336146600010,2014.0,QUARTERLY JOURNAL OF ECONOMICS,0033-5533,10.1093/qje/qju004,129,2
WOS:001010970300001,2023.0,QUARTERLY JOURNAL OF ECONOMICS,0033-5533,10.1093/qje/qjad018,138,4
WOS:000946888200001,2023.0,QUARTERLY JOURNAL OF ECONOMICS,0033-5533,10.1093/qje/qjad006,138,3
WOS:000836125300001,2022.0,QUARTERLY JOURNAL OF ECONOMICS,0033-5533,10.1093/qje/qjac027,138,1
WOS:000612198000002,2021.0,QUARTERLY JOURNAL OF ECONOMICS,0033-5533,10.1093/qje/qjaa034,136,1
WOS:000489163400008,2019.0,QUARTERLY JOURNAL OF ECONOMICS,0033-5533,10.1093/qje/qjz022,134,4
WOS:000489162800009,2019.0,QUARTERLY JOURNAL OF ECONOMICS,0033-5533,10.1093/qje/qjz017,134,3
WOS:000489162800007,2019.0,QUARTERLY JOURNAL OF ECONOMICS,0033-5533,10.1093/qje/qjz009,134,3
WOS:000451281400003,2018.0,QUARTERLY JOURNAL OF ECONOMICS,0033-5533,10.1093/qje/qjy015,133,4
WOS:000435871300002,2018.0,QUARTERLY JOURNAL OF ECONOMICS,0033-5533,10.1093/qje/qjx041,133,2
WOS:000396771300004,2017.0,QUARTERLY JOURNAL OF ECONOMICS,0033-5533,10.1093/qje/qjw037,132,1
WOS:000388576700006,2016.0,QUARTERLY JOURNAL OF ECONOMICS,0033-5533,10.1093/qje/qjw027,131,4
WOS:000380249200002,2016.0,QUARTERLY JOURNAL OF ECONOMICS,0033-5533,10.1093/qje/qjw003,131,2
WOS:000371602500001,2016.0,QUARTERLY JOURNAL OF ECONOMICS,0033-5533,10.1093/qje/qjv040,131,1
WOS:000371602500007,2016.0,QUARTERLY JOURNAL OF ECONOMICS,0033-5533,10.1093/qje/qjv032,131,1
WOS:000818056100001,2022.0,QUARTERLY JOURNAL OF ECONOMICS,0033-5533,10.1093/qje/qjac022,137,4
WOS:000767684700001,2022.0,QUARTERLY JOURNAL OF ECONOMICS,0033-5533,10.1093/qje/qjac001,137,2
WOS:000743312400006,2022.0,QUARTERLY JOURNAL OF ECONOMICS,0033-5533,10.1093/qje/qjab028,137,1
WOS:000743312400007,2022.0,QUARTERLY JOURNAL OF ECONOMICS,0033-5533,10.1093/qje/qjab022,137,1
WOS:000743312400002,2022.0,QUARTERLY JOURNAL OF ECONOMICS,0033-5533,10.1093/qje/qjab018,137,1
WOS:000672777600004,2021.0,QUARTERLY JOURNAL OF ECONOMICS,0033-5533,10.1093/qje/qjab014,136,3
WOS:000593217300001,2020.0,QUARTERLY JOURNAL OF ECONOMICS,0033-5533,10.1093/qje/qjaa015,135,4
WOS:000489162100003,2019.0,QUARTERLY JOURNAL OF ECONOMICS,0033-5533,10.1093/qje/qjy028,134,2
WOS:000489162100007,2019.0,QUARTERLY JOURNAL OF ECONOMICS,0033-5533,10.1093/qje/qjz004,134,2
WOS:000451280400010,2018.0,QUARTERLY JOURNAL OF ECONOMICS,0033-5533,10.1093/qje/qjy005,133,3
WOS:000435871300006,2018.0,QUARTERLY JOURNAL OF ECONOMICS,0033-5533,10.1093/qje/qjx045,133,2
WOS:000412764300012,2017.0,QUARTERLY JOURNAL OF ECONOMICS,0033-5533,10.1093/qje/qjx036,132,4
WOS:000388576700003,2016.0,QUARTERLY JOURNAL OF ECONOMICS,0033-5533,10.1093/qje/qjw023,131,4
WOS:000383326100003,2016.0,QUARTERLY JOURNAL OF ECONOMICS,0033-5533,10.1093/qje/qjw017,131,3
WOS:000380249200008,2016.0,QUARTERLY JOURNAL OF ECONOMICS,0033-5533,10.1093/qje/qjw005,131,2
WOS:000380249200001,2016.0,QUARTERLY JOURNAL OF ECONOMICS,0033-5533,10.1093/qje/qjw004,131,2
WOS:000365535400010,2015.0,QUARTERLY JOURNAL OF ECONOMICS,0033-5533,10.1093/qje/qjv031,130,4
WOS:000354733000009,2015.0,QUARTERLY JOURNAL OF ECONOMICS,0033-5533,10.1093/qje/qjv011,130,2
WOS:000336146600002,2014.0,QUARTERLY JOURNAL OF ECONOMICS,0033-5533,10.1093/qje/qju008,129,2
WOS:001022028300001,2023.0,QUARTERLY JOURNAL OF ECONOMICS,0033-5533,10.1093/qje/qjad026,138,4
WOS:000768142500001,2022.0,QUARTERLY JOURNAL OF ECONOMICS,0033-5533,10.1093/qje/qjac003,137,3
WOS:000593217300006,2020.0,QUARTERLY JOURNAL OF ECONOMICS,0033-5533,10.1093/qje/qjaa014,135,4
WOS:000489162100002,2019.0,QUARTERLY JOURNAL OF ECONOMICS,0033-5533,10.1093/qje/qjy033,134,2
WOS:000489161300002,2019.0,QUARTERLY JOURNAL OF ECONOMICS,0033-5533,10.1093/qje/qjy020,134,1
WOS:000451281400002,2018.0,QUARTERLY JOURNAL OF ECONOMICS,0033-5533,10.1093/qje/qjy014,133,4
WOS:000401981500006,2017.0,QUARTERLY JOURNAL OF ECONOMICS,0033-5533,10.1093/qje/qjx003,132,2
WOS:000388576700010,2016.0,QUARTERLY JOURNAL OF ECONOMICS,0033-5533,10.1093/qje/qjw025,131,4
WOS:000383326100005,2016.0,QUARTERLY JOURNAL OF ECONOMICS,0033-5533,10.1093/qje/qjw012,131,3
WOS:000371602500010,2016.0,QUARTERLY JOURNAL OF ECONOMICS,0033-5533,10.1093/qje/qjv033,131,1
WOS:000359638900004,2015.0,QUARTERLY JOURNAL OF ECONOMICS,0033-5533,10.1093/qje/qjv012,130,3
WOS:000330451700008,2014.0,QUARTERLY JOURNAL OF ECONOMICS,0033-5533,10.1093/qje/qjt033,129,1
